RoomCount,WalkableTiles,OptimalPath,Complexity,Efficiency
7,780,96,85.6,0.5274726
7,780,96,85.6,0.4173913
7,780,96,85.6,0.3609022
7,780,96,85.6,0.3529412
7,780,96,85.6,0.3529412
7,780,96,85.6,0.3453237
7,780,96,85.6,0.3310345
7,780,96,85.6,0.2981367
7,738,127,84.6,0.4364261
7,1172,174,109,0.3
7,805,94,84.65,0.6911765
7,805,94,84.65,0.5108696
7,805,94,84.65,0.4311927
7,805,94,84.65,0.3916667
7,805,94,84.65,0.3730159
7,805,94,84.65,0.3263889
7,805,94,84.65,0.3219178
7,805,94,84.65,0.2797619
7,805,94,84.65,0.2732558
7,805,94,84.65,0.2640449
7,805,94,84.65,0.2582418
7,805,94,84.65,0.2526882
7,805,94,84.65,0.2486773
7,805,94,84.65,0.2447917
7,805,94,84.65,0.2435233
7,805,94,84.65,0.2435233
7,805,94,84.65,0.2361809
7,805,94,84.65,0.2238095
7,805,94,84.65,0.2196262
7,805,94,84.65,0.2175926
7,805,94,84.65,0.2088889
7,805,94,84.65,0.2088889
7,805,94,84.65,0.2088889
7,805,94,84.65,0.2070485
7,805,94,84.65,0.1983122
7,805,94,84.65,0.1926229
7,805,94,84.65,0.1843137
7,805,94,84.65,0.1800766
7,805,94,84.65,0.1793893
7,805,94,84.65,0.1678571
7,805,94,84.65,0.1672598
7,805,94,84.65,0.1672598
7,805,94,84.65,0.165493
7,805,94,84.65,0.1649123
7,805,94,84.65,0.1643357
7,805,94,84.65,0.1631944
7,805,94,84.65,0.159322
7,805,94,84.65,0.1546053
7,805,94,84.65,0.1501597
7,805,94,84.65,0.1473354
7,805,94,84.65,0.146875
7,805,94,84.65,0.1450617
7,805,94,84.65,0.1446154
7,805,94,84.65,0.1320225
7,805,94,84.65,0.1312849
7,805,94,84.65,0.1287671
7,805,94,84.65,0.127027
7,805,94,84.65,0.125
7,805,94,84.65,0.1240106
7,805,94,84.65,0.1205128
7,805,94,84.65,0.1180905
7,805,94,84.65,0.1166253
7,805,94,84.65,0.1163366
7,805,94,84.65,0.1108491
7,805,94,84.65,0.1100703
7,805,94,84.65,0.108545
7,805,94,84.65,0.1073059
7,805,94,84.65,0.1070615
7,805,94,84.65,0.1063348
7,805,94,84.65,0.1058559
7,805,94,84.65,0.105618
7,805,94,84.65,0.1039823
7,805,94,84.65,0.1035242
7,805,94,84.65,0.1035242
7,805,94,84.65,0.1035242
7,805,94,84.65,0.1026201
7,805,94,84.65,0.1015119
7,805,94,84.65,0.09894737
7,805,94,84.65,0.0977131
7,805,94,84.65,0.09572301
7,805,94,84.65,0.09572301
7,805,94,84.65,0.09325397
7,805,94,84.65,0.09251969
7,805,94,84.65,0.09126214
7,805,94,84.65,0.09073359
7,805,94,84.65,0.09021113
7,805,94,84.65,0.08952381
7,805,94,84.65,0.08935361
7,805,94,84.65,0.08918406
7,805,94,84.65,0.08918406
7,805,94,84.65,0.08918406
7,805,94,84.65,0.08884688
7,805,94,84.65,0.08719852
7,805,94,84.65,0.08719852
7,805,94,84.65,0.08623853
7,805,94,84.65,0.08592322
7,805,94,84.65,0.08576642
7,805,94,84.65,0.0856102
7,805,94,84.65,0.08362989
7,805,94,84.65,0.08260106
7,805,94,84.65,0.08188153
7,805,94,84.65,0.08159722
7,805,94,84.65,0.07979626
7,805,94,84.65,0.07925801
7,805,94,84.65,0.07781457
7,805,94,84.65,0.07436709
7,805,94,84.65,0.0742496
7,805,94,84.65,0.07378336
7,805,94,84.65,0.07378336
7,805,94,84.65,0.06983655
8,956,125,102.3,0.2688172
8,956,125,102.3,0.2688172
8,956,125,102.3,0.2545825
8,956,125,102.3,0.2236136
8,956,125,102.3,0.210084
8,956,125,102.3,0.2039152
8,956,125,102.3,0.2012882
8,956,125,102.3,0.1950078
8,956,125,102.3,0.1950078
8,956,125,102.3,0.1908397
8,956,125,102.3,0.1879699
8,956,125,102.3,0.1830161
8,956,125,102.3,0.1798561
8,956,125,102.3,0.1788269
8,956,125,102.3,0.1642576
8,956,125,102.3,0.1633987
8,956,125,102.3,0.1608752
8,956,125,102.3,0.1604621
8,956,125,102.3,0.1596424
8,956,125,102.3,0.1584284
8,956,125,102.3,0.1556662
8,956,125,102.3,0.1545117
8,956,125,102.3,0.1545117
8,956,125,102.3,0.1526252
8,956,125,102.3,0.1518833
8,956,125,102.3,0.1504212
8,956,125,102.3,0.15006
8,956,125,102.3,0.1493429
8,956,125,102.3,0.1489869
8,956,125,102.3,0.1475797
8,956,125,102.3,0.1475797
8,956,125,102.3,0.146886
8,956,125,102.3,0.1435132
8,956,125,102.3,0.1435132
8,956,125,102.3,0.1431844
8,956,125,102.3,0.1431844
8,956,125,102.3,0.1418842
8,956,125,102.3,0.1412429
8,956,125,102.3,0.1402918
8,956,125,102.3,0.1399776
8,956,125,102.3,0.1399776
8,956,125,102.3,0.1387347
8,956,125,102.3,0.1384275
8,956,125,102.3,0.137817
8,956,125,102.3,0.1372119
8,956,125,102.3,0.1363141
8,956,125,102.3,0.1351351
8,956,125,102.3,0.1345533
8,956,125,102.3,0.1334045
8,956,125,102.3,0.1331203
8,956,125,102.3,0.1328374
8,956,125,102.3,0.1325557
8,956,125,102.3,0.1322751
8,956,125,102.3,0.1317176
8,956,125,102.3,0.1308901
8,956,125,102.3,0.1303441
8,956,125,102.3,0.1303441
8,956,125,102.3,0.1300728
8,956,125,102.3,0.1295337
8,956,125,102.3,0.1287333
8,956,125,102.3,0.1276813
8,956,125,102.3,0.1253761
8,956,125,102.3,0.1251251
8,956,125,102.3,0.12364
8,956,125,102.3,0.1231527
8,956,125,102.3,0.1219512
8,956,125,102.3,0.1212415
8,956,125,102.3,0.1210068
8,956,125,102.3,0.120773
8,956,125,102.3,0.1196172
8,956,125,102.3,0.1191611
8,956,125,102.3,0.1189343
8,956,125,102.3,0.1189343
8,956,125,102.3,0.1184834
8,956,125,102.3,0.1184834
8,956,125,102.3,0.1175917
8,956,125,102.3,0.1135332
8,956,125,102.3,0.1129178
8,956,125,102.3,0.1129178
8,956,125,102.3,0.1125113
8,956,125,102.3,0.1123091
8,956,125,102.3,0.111309
8,956,125,102.3,0.1093613
8,956,125,102.3,0.1082251
8,956,125,102.3,0.1071123
8,956,125,102.3,0.106383
8,956,125,102.3,0.1053075
8,956,125,102.3,0.1051304
8,956,125,102.3,0.1047779
8,956,125,102.3,0.1037344
8,956,125,102.3,0.1023751
8,956,125,102.3,0.1015435
8,956,125,102.3,0.1012146
8,956,125,102.3,0.1005632
8,956,125,102.3,0.09881423
8,956,125,102.3,0.09622787
8,956,125,102.3,0.09593246
8,956,125,102.3,0.09534706
8,956,125,102.3,0.09405568
8,956,125,102.3,0.09038322
6,1064,78,91.00001,0.2826087
6,1064,78,91.00001,0.24375
6,1064,78,91.00001,0.2228571
6,1064,78,91.00001,0.2020725
6,1064,78,91.00001,0.1930693
6,1064,78,91.00001,0.1797235
6,1064,78,91.00001,0.1772727
6,1064,78,91.00001,0.1652542
6,1064,78,91.00001,0.1638656
6,1064,78,91.00001,0.1604938
6,1064,78,91.00001,0.1466165
6,1064,78,91.00001,0.1455224
6,1064,78,91.00001,0.1413043
6,1064,78,91.00001,0.13879
6,1064,78,91.00001,0.1326531
6,1064,78,91.00001,0.1304348
6,1064,78,91.00001,0.1291391
6,1064,78,91.00001,0.1270358
6,1064,78,91.00001,0.1226415
6,1064,78,91.00001,0.1214953
6,1064,78,91.00001,0.1189024
6,1064,78,91.00001,0.1171171
6,1064,78,91.00001,0.1160714
6,1064,78,91.00001,0.1107955
6,1064,78,91.00001,0.107438
6,1064,78,91.00001,0.1059783
6,1064,78,91.00001,0.1031746
6,1064,78,91.00001,0.1007752
6,1064,78,91.00001,0.09725685
6,1064,78,91.00001,0.09582309
6,1064,78,91.00001,0.09582309
6,1064,78,91.00001,0.09558824
6,1064,78,91.00001,0.09285714
6,1064,78,91.00001,0.09069768
6,1064,78,91.00001,0.08965518
6,1064,78,91.00001,0.0890411
6,1064,78,91.00001,0.08724833
6,1064,78,91.00001,0.08478261
6,1064,78,91.00001,0.08441558
6,1064,78,91.00001,0.08210526
6,1064,78,91.00001,0.08176101
6,1064,78,91.00001,0.08057851
6,1064,78,91.00001,0.07959183
6,1064,78,91.00001,0.07959183
6,1064,78,91.00001,0.07831325
6,1064,78,91.00001,0.07753479
6,1064,78,91.00001,0.07587548
6,1064,78,91.00001,0.07090909
6,1064,78,91.00001,0.07001796
6,1064,78,91.00001,0.06989247
6,1064,78,91.00001,0.06951872
6,1064,78,91.00001,0.06939502
6,1064,78,91.00001,0.0685413
6,1064,78,91.00001,0.06842105
6,1064,78,91.00001,0.06806283
6,1064,78,91.00001,0.06794425
6,1064,78,91.00001,0.06701031
6,1064,78,91.00001,0.06678082
6,1064,78,91.00001,0.06632653
6,1064,78,91.00001,0.06554622
6,1064,78,91.00001,0.06554622
6,1064,78,91.00001,0.06532663
6,1064,78,91.00001,0.06478405
6,1064,78,91.00001,0.06467662
6,1064,78,91.00001,0.06331169
6,1064,78,91.00001,0.06220096
6,1064,78,91.00001,0.06084243
6,1064,78,91.00001,0.06046512
6,1064,78,91.00001,0.05972435
6,1064,78,91.00001,0.05900151
6,1064,78,91.00001,0.05891239
6,1064,78,91.00001,0.05882353
6,1064,78,91.00001,0.0578635
6,1064,78,91.00001,0.05743741
6,1064,78,91.00001,0.05735294
6,1064,78,91.00001,0.05652174
6,1064,78,91.00001,0.05627706
6,1064,78,91.00001,0.05571429
6,1064,78,91.00001,0.05439331
6,1064,78,91.00001,0.05409154
6,1064,78,91.00001,0.05394191
6,1064,78,91.00001,0.05371901
6,1064,78,91.00001,0.05327869
6,1064,78,91.00001,0.05291723
6,1064,78,91.00001,0.05277402
6,1064,78,91.00001,0.05277402
6,1064,78,91.00001,0.05220884
6,1064,78,91.00001,0.05206943
6,1064,78,91.00001,0.05179283
6,1064,78,91.00001,0.05165563
6,1064,78,91.00001,0.05145119
6,1064,78,91.00001,0.05084746
6,1064,78,91.00001,0.05078125
6,1064,78,91.00001,0.05006418
6,1064,78,91.00001,0.04710145
6,1064,78,91.00001,0.04704463
6,1064,78,91.00001,0.04681873
6,1064,78,91.00001,0.04457143
6,1064,78,91.00001,0.04426788
6,1064,78,91.00001,0.0429989
8,1165,126,112.85,0.4344828
8,1165,126,112.85,0.3423913
8,1165,126,112.85,0.3368984
8,1390,172,124.7,0.3138686
8,1390,172,124.7,0.2590362
8,1390,172,124.7,0.2443182
8,1390,172,124.7,0.2107843
8,1390,172,124.7,0.206235
8,1390,172,124.7,0.1950113
8,1390,172,124.7,0.189011
8,1390,172,124.7,0.1747967
8,1390,172,124.7,0.1726908
8,1390,172,124.7,0.1689587
8,1390,172,124.7,0.1689587
8,1390,172,124.7,0.1657033
8,1390,172,124.7,0.1631879
8,1390,172,124.7,0.1595547
8,1390,172,124.7,0.1586716
8,1390,172,124.7,0.1566485
8,1390,172,124.7,0.1535714
8,1390,172,124.7,0.1511424
8,1390,172,124.7,0.1511424
8,1390,172,124.7,0.1477663
8,1390,172,124.7,0.1472603
8,1390,172,124.7,0.1455161
8,1390,172,124.7,0.1452703
8,1390,172,124.7,0.1447811
8,1390,172,124.7,0.1421488
8,1390,172,124.7,0.1387097
8,1390,172,124.7,0.1382637
8,1390,172,124.7,0.1373802
8,1390,172,124.7,0.1369427
8,1390,172,124.7,0.1362916
8,1390,172,124.7,0.1362916
8,1390,172,124.7,0.1347962
8,1390,172,124.7,0.1345853
8,1390,172,124.7,0.1345853
8,1390,172,124.7,0.1339564
8,1390,172,124.7,0.1335404
8,1390,172,124.7,0.1329212
8,1390,172,124.7,0.1323077
8,1390,172,124.7,0.1314985
8,1390,172,124.7,0.130898
8,1390,172,124.7,0.1297134
8,1390,172,124.7,0.1297134
8,1390,172,124.7,0.1297134
8,1390,172,124.7,0.1291291
8,1390,172,124.7,0.127786
8,1390,172,124.7,0.1266568
8,1390,172,124.7,0.1266568
8,1390,172,124.7,0.1248186
8,1390,172,124.7,0.1244573
8,1390,172,124.7,0.1239193
8,1390,172,124.7,0.1219858
8,1390,172,124.7,0.1211268
8,1390,172,124.7,0.1206171
8,1390,172,124.7,0.1204482
8,1390,172,124.7,0.1204482
8,1390,172,124.7,0.1196106
8,1390,172,124.7,0.1192788
8,1390,172,124.7,0.1187845
8,1390,172,124.7,0.1184573
8,1390,172,124.7,0.1182944
8,1390,172,124.7,0.1163735
8,1390,172,124.7,0.1139073
8,1390,172,124.7,0.113307
8,1390,172,124.7,0.1131579
8,1390,172,124.7,0.1131579
8,1390,172,124.7,0.1119792
8,1390,172,124.7,0.1069652
8,1390,172,124.7,0.1065675
8,1390,172,124.7,0.1059113
8,1390,172,124.7,0.1057811
8,1390,172,124.7,0.1050061
8,1390,172,124.7,0.1050061
8,1390,172,124.7,0.1046229
8,1390,172,124.7,0.1046229
8,1390,172,124.7,0.1036145
8,1390,172,124.7,0.102994
8,1390,172,124.7,0.1027479
8,1390,172,124.7,0.1026253
8,1390,172,124.7,0.102503
8,1390,172,124.7,0.1015348
8,1390,172,124.7,0.1010576
8,1390,172,124.7,0.1008206
8,1390,172,124.7,0.1004673
8,1390,172,124.7,0.09988385
8,1390,172,124.7,0.09965237
8,1390,172,124.7,0.09794988
8,1390,172,124.7,0.09750567
8,1390,172,124.7,0.09652077
8,1390,172,124.7,0.09608939
8,1390,172,124.7,0.09587514
8,1390,172,124.7,0.09471366
8,1390,172,124.7,0.0945055
8,1390,172,124.7,0.09337676
8,1390,172,124.7,0.09217577
8,1390,172,124.7,0.08902691
8,1390,172,124.7,0.08893485
8,1390,172,124.7,0.08847737
8,1390,172,124.7,0.08722109
8,1390,172,124.7,0.08548708
8,1390,172,124.7,0.08447937
9,929,110,102.45,0.3928571
9,929,110,102.45,0.3005464
9,929,110,102.45,0.2455357
9,929,110,102.45,0.2360515
9,929,110,102.45,0.2360515
9,929,110,102.45,0.2165354
9,929,110,102.45,0.2156863
9,929,110,102.45,0.2115385
9,929,110,102.45,0.2067669
9,929,110,102.45,0.2059925
9,929,110,102.45,0.204461
9,929,110,102.45,0.2014652
9,929,110,102.45,0.1923077
9,929,110,102.45,0.1909722
9,929,110,102.45,0.180921
9,929,110,102.45,0.1797386
9,929,110,102.45,0.1785714
9,929,110,102.45,0.1779935
9,929,110,102.45,0.176282
9,929,110,102.45,0.1751592
9,929,110,102.45,0.1740506
9,929,110,102.45,0.1687117
9,929,110,102.45,0.1687117
9,929,110,102.45,0.1687117
9,929,110,102.45,0.1681957
9,929,110,102.45,0.1676829
9,929,110,102.45,0.1666667
9,929,110,102.45,0.1646707
9,929,110,102.45,0.1636905
9,929,110,102.45,0.1608187
9,929,110,102.45,0.1608187
9,929,110,102.45,0.1566952
9,929,110,102.45,0.1502732
9,929,110,102.45,0.1486486
9,929,110,102.45,0.148248
9,929,110,102.45,0.144357
9,929,110,102.45,0.1436031
9,929,110,102.45,0.142487
9,929,110,102.45,0.140665
9,929,110,102.45,0.1392405
9,929,110,102.45,0.1388889
9,929,110,102.45,0.1375
9,929,110,102.45,0.1351351
9,929,110,102.45,0.1348039
9,929,110,102.45,0.13382
9,929,110,102.45,0.1328502
9,929,110,102.45,0.1312649
9,929,110,102.45,0.1309524
9,929,110,102.45,0.1306413
9,929,110,102.45,0.1300236
9,929,110,102.45,0.1294118
9,929,110,102.45,0.1288056
9,929,110,102.45,0.127907
9,929,110,102.45,0.1273148
9,929,110,102.45,0.1270208
9,929,110,102.45,0.1247166
9,929,110,102.45,0.1247166
9,929,110,102.45,0.1224944
9,929,110,102.45,0.1216814
9,929,110,102.45,0.1211454
9,929,110,102.45,0.120614
9,929,110,102.45,0.1195652
9,929,110,102.45,0.1195652
9,929,110,102.45,0.1182796
9,929,110,102.45,0.1136364
9,929,110,102.45,0.1134021
9,929,110,102.45,0.1115619
9,929,110,102.45,0.1111111
9,929,110,102.45,0.1097804
9,929,110,102.45,0.1086956
9,929,110,102.45,0.1070039
9,929,110,102.45,0.1070039
9,929,110,102.45,0.1065891
9,929,110,102.45,0.1047619
9,929,110,102.45,0.1045627
9,929,110,102.45,0.1041667
9,929,110,102.45,0.1035782
9,929,110,102.45,0.1022305
9,929,110,102.45,0.1012891
9,929,110,102.45,0.09927798
9,929,110,102.45,0.09751773
9,929,110,102.45,0.09700176
9,929,110,102.45,0.09615385
9,929,110,102.45,0.09615385
9,929,110,102.45,0.0929054
9,929,110,102.45,0.0929054
9,929,110,102.45,0.0910596
9,929,110,102.45,0.09075908
9,929,110,102.45,0.09060956
9,929,110,102.45,0.08972268
9,929,110,102.45,0.08957655
9,929,110,102.45,0.08899676
9,929,110,102.45,0.08842444
9,929,110,102.45,0.08716323
9,929,110,102.45,0.08675079
9,929,110,102.45,0.0862069
9,929,110,102.45,0.08607199
9,929,110,102.45,0.08384147
9,929,110,102.45,0.08333334
9,929,110,102.45,0.07757404
8,1026,180,107.3,0.2884615
8,1026,180,107.3,0.2735562
8,1026,180,107.3,0.259366
8,1026,180,107.3,0.2556818
8,1026,180,107.3,0.2465753
8,1026,180,107.3,0.2445652
8,1026,180,107.3,0.2419355
8,1026,180,107.3,0.2412869
8,1026,180,107.3,0.2393617
8,1026,180,107.3,0.2362205
8,1026,180,107.3,0.234375
8,1026,180,107.3,0.2337662
8,1026,180,107.3,0.2267002
8,1026,180,107.3,0.2261306
8,1026,180,107.3,0.2261306
8,1026,180,107.3,0.2255639
8,1026,180,107.3,0.2233251
8,1026,180,107.3,0.2216749
8,1026,180,107.3,0.2200489
8,1026,180,107.3,0.2179177
8,1026,180,107.3,0.2173913
8,1026,180,107.3,0.2158273
8,1026,180,107.3,0.2142857
8,1026,180,107.3,0.2117647
8,1026,180,107.3,0.2102804
8,1026,180,107.3,0.2073733
8,1026,180,107.3,0.2073733
8,1026,180,107.3,0.206422
8,1026,180,107.3,0.2027027
8,1026,180,107.3,0.2027027
8,1026,180,107.3,0.1995565
8,1026,180,107.3,0.199115
8,1026,180,107.3,0.199115
8,1026,180,107.3,0.1973684
8,1026,180,107.3,0.1969365
8,1026,180,107.3,0.1965065
8,1026,180,107.3,0.1952278
8,1026,180,107.3,0.1948052
8,1026,180,107.3,0.1948052
8,1026,180,107.3,0.1939655
8,1026,180,107.3,0.1939655
8,1026,180,107.3,0.1918977
8,1026,180,107.3,0.190678
8,1026,180,107.3,0.1894737
8,1026,180,107.3,0.1890756
8,1026,180,107.3,0.1890756
8,1026,180,107.3,0.1882845
8,1026,180,107.3,0.1882845
8,1026,180,107.3,0.186722
8,1026,180,107.3,0.1844262
8,1026,180,107.3,0.1844262
8,1026,180,107.3,0.1829268
8,1026,180,107.3,0.18
8,1026,180,107.3,0.1789264
8,1026,180,107.3,0.1778656
8,1026,180,107.3,0.1768173
8,1026,180,107.3,0.1761252
8,1026,180,107.3,0.1754386
8,1026,180,107.3,0.1747573
8,1026,180,107.3,0.1720841
8,1026,180,107.3,0.1701323
8,1026,180,107.3,0.1698113
8,1026,180,107.3,0.1694915
8,1026,180,107.3,0.1691729
8,1026,180,107.3,0.1666667
8,1026,180,107.3,0.1636364
8,1026,180,107.3,0.1633394
8,1026,180,107.3,0.1621622
8,1026,180,107.3,0.1615799
8,1026,180,107.3,0.1610018
8,1026,180,107.3,0.1604278
8,1026,180,107.3,0.1601423
8,1026,180,107.3,0.1587302
8,1026,180,107.3,0.1567944
8,1026,180,107.3,0.1565217
8,1026,180,107.3,0.15625
8,1026,180,107.3,0.1546392
8,1026,180,107.3,0.1543739
8,1026,180,107.3,0.1497504
8,1026,180,107.3,0.1492537
8,1026,180,107.3,0.1485149
8,1026,180,107.3,0.1485149
8,1026,180,107.3,0.1482702
8,1026,180,107.3,0.147541
8,1026,180,107.3,0.1470588
8,1026,180,107.3,0.1470588
8,1026,180,107.3,0.1442308
8,1026,180,107.3,0.1399689
8,1026,180,107.3,0.1391036
8,1026,180,107.3,0.1388889
8,1026,180,107.3,0.1369863
8,1026,180,107.3,0.1367781
8,1026,180,107.3,0.1351351
8,1026,180,107.3,0.1351351
8,1026,180,107.3,0.1347305
8,1026,180,107.3,0.1343284
8,1026,180,107.3,0.1300578
8,1026,180,107.3,0.1287554
8,1026,180,107.3,0.1264045
8,1026,180,107.3,0.1260504
8,901,131,98.15,0.3082353
8,901,131,98.15,0.2805139
8,901,131,98.15,0.2805139
8,901,131,98.15,0.2723493
8,901,131,98.15,0.2614771
8,901,131,98.15,0.2543689
8,901,131,98.15,0.2495238
8,901,131,98.15,0.2394881
8,901,131,98.15,0.2394881
8,901,131,98.15,0.2386157
8,901,131,98.15,0.236036
8,901,131,98.15,0.2335116
8,901,131,98.15,0.2286213
8,901,131,98.15,0.2270364
8,901,131,98.15,0.2254733
8,901,131,98.15,0.2239316
8,901,131,98.15,0.2231687
8,901,131,98.15,0.2224109
8,901,131,98.15,0.2216582
8,901,131,98.15,0.21797
8,901,131,98.15,0.2172471
8,901,131,98.15,0.2144026
8,901,131,98.15,0.2050078
8,901,131,98.15,0.2050078
8,901,131,98.15,0.2006126
8,901,131,98.15,0.1975867
8,901,131,98.15,0.195231
8,901,131,98.15,0.195231
8,901,131,98.15,0.1946508
8,901,131,98.15,0.1935007
8,901,131,98.15,0.1906841
8,901,131,98.15,0.1901306
8,901,131,98.15,0.1901306
8,901,131,98.15,0.1868759
8,901,131,98.15,0.1858156
8,901,131,98.15,0.1842475
8,901,131,98.15,0.1832168
8,901,131,98.15,0.1821975
8,901,131,98.15,0.1816921
8,901,131,98.15,0.1796982
8,901,131,98.15,0.1772666
8,901,131,98.15,0.1748999
8,901,131,98.15,0.1748999
8,901,131,98.15,0.1725955
8,901,131,98.15,0.1712418
8,901,131,98.15,0.1712418
8,901,131,98.15,0.1703511
8,901,131,98.15,0.1694696
8,901,131,98.15,0.1664549
8,901,131,98.15,0.1656131
8,901,131,98.15,0.1651955
8,901,131,98.15,0.1607362
8,901,131,98.15,0.1595615
8,901,131,98.15,0.1553974
8,901,131,98.15,0.1550296
8,901,131,98.15,0.1510957
8,901,131,98.15,0.1497143
8,901,131,98.15,0.1497143
8,901,131,98.15,0.1493729
8,901,131,98.15,0.1476888
8,901,131,98.15,0.1460424
8,901,131,98.15,0.1444322
8,901,131,98.15,0.143798
8,901,131,98.15,0.1431694
8,901,131,98.15,0.1410118
8,901,131,98.15,0.1401069
8,901,131,98.15,0.1398079
8,901,131,98.15,0.1392136
8,901,131,98.15,0.1386243
8,901,131,98.15,0.1377497
8,901,131,98.15,0.1357513
8,901,131,98.15,0.1357513
8,901,131,98.15,0.1346352
8,901,131,98.15,0.1340839
8,901,131,98.15,0.1340839
8,901,131,98.15,0.1340839
8,901,131,98.15,0.1332655
8,901,131,98.15,0.1306082
8,901,131,98.15,0.1285574
8,901,131,98.15,0.127556
8,901,131,98.15,0.1270611
8,901,131,98.15,0.1270611
8,901,131,98.15,0.12657
8,901,131,98.15,0.1258405
8,901,131,98.15,0.1241706
8,901,131,98.15,0.1237016
8,901,131,98.15,0.1205152
8,901,131,98.15,0.1191993
8,901,131,98.15,0.1179118
8,901,131,98.15,0.1176999
8,901,131,98.15,0.1160319
8,901,131,98.15,0.1136167
8,901,131,98.15,0.1134199
8,901,131,98.15,0.1112999
8,901,131,98.15,0.108354
8,901,131,98.15,0.1064175
8,901,131,98.15,0.1021044
8,901,131,98.15,0.1000764
8,901,131,98.15,0.09871891
8,901,131,98.15,0.09192982
8,851,132,93.75,0.5
8,851,132,93.75,0.4313726
8,851,132,93.75,0.4074074
8,851,132,93.75,0.3333333
8,851,132,93.75,0.3069767
8,851,132,93.75,0.2588235
8,851,132,93.75,0.2528736
8,851,132,93.75,0.24
8,851,132,93.75,0.2315789
8,851,132,93.75,0.2307692
8,851,132,93.75,0.2307692
8,851,132,93.75,0.2291667
8,851,132,93.75,0.2275862
8,851,132,93.75,0.2207358
8,851,132,93.75,0.2178218
8,851,132,93.75,0.2171053
8,851,132,93.75,0.2163934
8,851,132,93.75,0.2068966
8,851,132,93.75,0.2056075
8,851,132,93.75,0.2037037
8,851,132,93.75,0.2
8,851,132,93.75,0.1987952
8,851,132,93.75,0.1952663
8,851,132,93.75,0.1918605
8,851,132,93.75,0.1918605
8,851,132,93.75,0.1913043
8,851,132,93.75,0.1902017
8,851,132,93.75,0.1891118
8,851,132,93.75,0.1885714
8,851,132,93.75,0.1880342
8,851,132,93.75,0.1843575
8,851,132,93.75,0.183844
8,851,132,93.75,0.1828255
8,851,132,93.75,0.1818182
8,851,132,93.75,0.1813187
8,851,132,93.75,0.1808219
8,851,132,93.75,0.1803279
8,851,132,93.75,0.1783784
8,851,132,93.75,0.1774193
8,851,132,93.75,0.1774193
8,851,132,93.75,0.1741425
8,851,132,93.75,0.171875
8,851,132,93.75,0.171875
8,851,132,93.75,0.1679389
8,851,132,93.75,0.1662468
8,851,132,93.75,0.1662468
8,851,132,93.75,0.1654135
8,851,132,93.75,0.1633663
8,851,132,93.75,0.1633663
8,851,132,93.75,0.1625616
8,851,132,93.75,0.1617647
8,851,132,93.75,0.1613692
8,851,132,93.75,0.1605839
8,851,132,93.75,0.1598063
8,851,132,93.75,0.1590361
8,851,132,93.75,0.1586538
8,851,132,93.75,0.1586538
8,851,132,93.75,0.1571429
8,851,132,93.75,0.1560284
8,851,132,93.75,0.1556604
8,851,132,93.75,0.1549296
8,851,132,93.75,0.1527778
8,851,132,93.75,0.1517241
8,851,132,93.75,0.1510298
8,851,132,93.75,0.1510298
8,851,132,93.75,0.1506849
8,851,132,93.75,0.1503417
8,851,132,93.75,0.147651
8,851,132,93.75,0.1460177
8,851,132,93.75,0.1456954
8,851,132,93.75,0.1447368
8,851,132,93.75,0.1434783
8,851,132,93.75,0.1422414
8,851,132,93.75,0.1422414
8,851,132,93.75,0.1404255
8,851,132,93.75,0.1401274
8,851,132,93.75,0.1389474
8,851,132,93.75,0.1389474
8,851,132,93.75,0.1386555
8,851,132,93.75,0.1360825
8,851,132,93.75,0.1355236
8,851,132,93.75,0.1341463
8,851,132,93.75,0.1330645
8,851,132,93.75,0.1325301
8,851,132,93.75,0.1312127
8,851,132,93.75,0.1289063
8,851,132,93.75,0.1284047
8,851,132,93.75,0.1259542
8,851,132,93.75,0.1254753
8,851,132,93.75,0.125
8,851,132,93.75,0.1226766
8,851,132,93.75,0.1219963
8,851,132,93.75,0.1195652
8,851,132,93.75,0.119349
8,851,132,93.75,0.1178571
8,851,132,93.75,0.1174377
8,851,132,93.75,0.1124361
8,851,132,93.75,0.1094527
8,851,132,93.75,0.1090909
8,851,132,93.75,0.1085526
7,983,89,93.05,0.2094118
7,983,89,93.05,0.2027335
7,983,89,93.05,0.1938998
7,983,89,93.05,0.1881607
7,983,89,93.05,0.1850312
7,983,89,93.05,0.1776447
7,983,89,93.05,0.1755424
7,983,89,93.05,0.1714836
7,983,89,93.05,0.1615245
7,983,89,93.05,0.1609403
7,983,89,93.05,0.1586453
7,983,89,93.05,0.1569665
7,983,89,93.05,0.1547826
7,983,89,93.05,0.1511036
7,983,89,93.05,0.1490787
7,983,89,93.05,0.1490787
7,983,89,93.05,0.148581
7,983,89,93.05,0.1466227
7,983,89,93.05,0.1461412
7,983,89,93.05,0.1428571
7,983,89,93.05,0.1414944
7,983,89,93.05,0.1401575
7,983,89,93.05,0.1388455
7,983,89,93.05,0.1338346
7,983,89,93.05,0.1330344
7,983,89,93.05,0.1318519
7,983,89,93.05,0.1295488
7,983,89,93.05,0.1280576
7,983,89,93.05,0.1273247
7,983,89,93.05,0.123783
7,983,89,93.05,0.1230982
7,983,89,93.05,0.121751
7,983,89,93.05,0.120433
7,983,89,93.05,0.120433
7,983,89,93.05,0.1178808
7,983,89,93.05,0.1175693
7,983,89,93.05,0.1172596
7,983,89,93.05,0.1169514
7,983,89,93.05,0.1166448
7,983,89,93.05,0.1160365
7,983,89,93.05,0.1148387
7,983,89,93.05,0.112232
7,983,89,93.05,0.1094711
7,983,89,93.05,0.1068427
7,983,89,93.05,0.1063321
7,983,89,93.05,0.1060787
7,983,89,93.05,0.1050767
7,983,89,93.05,0.1040936
7,983,89,93.05,0.1036088
7,983,89,93.05,0.1028902
7,983,89,93.05,0.1024166
7,983,89,93.05,0.1024166
7,983,89,93.05,0.1017143
7,983,89,93.05,0.1001125
7,983,89,93.05,0.09944134
7,983,89,93.05,0.09921962
7,983,89,93.05,0.09899889
7,983,89,93.05,0.09877913
7,983,89,93.05,0.09834254
7,983,89,93.05,0.09790979
7,983,89,93.05,0.09790979
7,983,89,93.05,0.0964247
7,983,89,93.05,0.0964247
7,983,89,93.05,0.09621622
7,983,89,93.05,0.09600863
7,983,89,93.05,0.09600863
7,983,89,93.05,0.09580193
7,983,89,93.05,0.09378293
7,983,89,93.05,0.09280501
7,983,89,93.05,0.08926781
7,983,89,93.05,0.08838133
7,983,89,93.05,0.08785785
7,983,89,93.05,0.08632395
7,983,89,93.05,0.0848427
7,983,89,93.05,0.0837253
7,983,89,93.05,0.08356807
7,983,89,93.05,0.08356807
7,983,89,93.05,0.08142726
7,983,89,93.05,0.08098271
7,983,89,93.05,0.08039747
7,983,89,93.05,0.08010801
7,983,89,93.05,0.07996406
7,983,89,93.05,0.07911111
7,983,89,93.05,0.07897072
7,983,89,93.05,0.07897072
7,983,89,93.05,0.07827616
7,983,89,93.05,0.07800175
7,983,89,93.05,0.07732406
7,983,89,93.05,0.07705627
7,983,89,93.05,0.07652622
7,983,89,93.05,0.07289107
7,983,89,93.05,0.071257
7,983,89,93.05,0.0705789
7,983,89,93.05,0.07013396
7,983,89,93.05,0.06947697
7,983,89,93.05,0.0677837
7,983,89,93.05,0.0677837
7,983,89,93.05,0.06520147
7,983,89,93.05,0.06453952
7,983,89,93.05,0.05636479
6,881,135,85.55,0.2941177
6,881,135,85.55,0.2477064
6,881,135,85.55,0.2284264
6,881,135,85.55,0.2224053
6,881,135,85.55,0.2216749
6,881,135,85.55,0.2216749
6,881,135,85.55,0.2180937
6,881,135,85.55,0.215311
6,881,135,85.55,0.215311
6,881,135,85.55,0.2139461
6,881,135,85.55,0.2139461
6,881,135,85.55,0.2132701
6,881,135,85.55,0.2106084
6,881,135,85.55,0.2030075
6,881,135,85.55,0.2030075
6,881,135,85.55,0.1965065
6,881,135,85.55,0.1965065
6,881,135,85.55,0.1965065
6,881,135,85.55,0.195369
6,881,135,85.55,0.193133
6,881,135,85.55,0.1898734
6,881,135,85.55,0.1872399
6,881,135,85.55,0.1872399
6,881,135,85.55,0.1856946
6,881,135,85.55,0.1821862
6,881,135,85.55,0.1816958
6,881,135,85.55,0.1812081
6,881,135,85.55,0.1778656
6,881,135,85.55,0.1769332
6,881,135,85.55,0.1746442
6,881,135,85.55,0.1724138
6,881,135,85.55,0.1719745
6,881,135,85.55,0.1702396
6,881,135,85.55,0.1698113
6,881,135,85.55,0.1693852
6,881,135,85.55,0.1693852
6,881,135,85.55,0.1648352
6,881,135,85.55,0.1628468
6,881,135,85.55,0.1616766
6,881,135,85.55,0.1605232
6,881,135,85.55,0.1597633
6,881,135,85.55,0.1586369
6,881,135,85.55,0.1578947
6,881,135,85.55,0.1575263
6,881,135,85.55,0.156431
6,881,135,85.55,0.1557093
6,881,135,85.55,0.1557093
6,881,135,85.55,0.155351
6,881,135,85.55,0.1549943
6,881,135,85.55,0.1549943
6,881,135,85.55,0.1546392
6,881,135,85.55,0.1525424
6,881,135,85.55,0.150838
6,881,135,85.55,0.1501669
6,881,135,85.55,0.1495017
6,881,135,85.55,0.1495017
6,881,135,85.55,0.1495017
6,881,135,85.55,0.1485149
6,881,135,85.55,0.147541
6,881,135,85.55,0.1472192
6,881,135,85.55,0.1465798
6,881,135,85.55,0.145946
6,881,135,85.55,0.145946
6,881,135,85.55,0.1450054
6,881,135,85.55,0.1446945
6,881,135,85.55,0.1446945
6,881,135,85.55,0.1440768
6,881,135,85.55,0.1434644
6,881,135,85.55,0.142255
6,881,135,85.55,0.1410658
6,881,135,85.55,0.1398964
6,881,135,85.55,0.1393189
6,881,135,85.55,0.1393189
6,881,135,85.55,0.1381781
6,881,135,85.55,0.1354062
6,881,135,85.55,0.1351351
6,881,135,85.55,0.1345962
6,881,135,85.55,0.1343284
6,881,135,85.55,0.1340616
6,881,135,85.55,0.1337958
6,881,135,85.55,0.1322233
6,881,135,85.55,0.1319648
6,881,135,85.55,0.128694
6,881,135,85.55,0.1279621
6,881,135,85.55,0.12772
6,881,135,85.55,0.1274787
6,881,135,85.55,0.1260504
6,881,135,85.55,0.1258155
6,881,135,85.55,0.1255814
6,881,135,85.55,0.1251158
6,881,135,85.55,0.124195
6,881,135,85.55,0.1232877
6,881,135,85.55,0.1230629
6,881,135,85.55,0.1223935
6,881,135,85.55,0.1221719
6,881,135,85.55,0.1206434
6,881,135,85.55,0.1179039
6,881,135,85.55,0.1156812
6,881,135,85.55,0.1114781
6,881,135,85.55,0.1025057
8,894,92,93.89999,0.2987013
8,894,92,93.89999,0.2822086
8,894,92,93.89999,0.2804878
8,894,92,93.89999,0.2738095
8,894,92,93.89999,0.2180095
8,894,92,93.89999,0.2159624
8,894,92,93.89999,0.2149533
8,894,92,93.89999,0.2110092
8,894,92,93.89999,0.1877551
8,894,92,93.89999,0.1862348
8,894,92,93.89999,0.1854839
8,894,92,93.89999,0.1691176
8,894,92,93.89999,0.1672727
8,894,92,93.89999,0.1631206
8,894,92,93.89999,0.1625442
8,894,92,93.89999,0.1575342
8,894,92,93.89999,0.1569966
8,894,92,93.89999,0.1538462
8,894,92,93.89999,0.1533333
8,894,92,93.89999,0.1451104
8,894,92,93.89999,0.14375
8,894,92,93.89999,0.1389728
8,894,92,93.89999,0.1385542
8,894,92,93.89999,0.1306818
8,894,92,93.89999,0.1284916
8,894,92,93.89999,0.1270718
8,894,92,93.89999,0.1260274
8,894,92,93.89999,0.125
8,894,92,93.89999,0.125
8,894,92,93.89999,0.1220159
8,894,92,93.89999,0.1216931
8,894,92,93.89999,0.1207349
8,894,92,93.89999,0.118863
8,894,92,93.89999,0.118863
8,894,92,93.89999,0.1164557
8,894,92,93.89999,0.115
8,894,92,93.89999,0.115
8,894,92,93.89999,0.1141439
8,894,92,93.89999,0.1138614
8,894,92,93.89999,0.1113801
8,894,92,93.89999,0.1108434
8,894,92,93.89999,0.1084906
8,894,92,93.89999,0.1082353
8,894,92,93.89999,0.1079812
8,894,92,93.89999,0.1079812
8,894,92,93.89999,0.1072261
8,894,92,93.89999,0.1067285
8,894,92,93.89999,0.1045455
8,894,92,93.89999,0.1017699
8,894,92,93.89999,0.1015453
8,894,92,93.89999,0.1010989
8,894,92,93.89999,0.0995671
8,894,92,93.89999,0.09808102
8,894,92,93.89999,0.09745762
8,894,92,93.89999,0.09623431
8,894,92,93.89999,0.0960334
8,894,92,93.89999,0.0960334
8,894,92,93.89999,0.09504132
8,894,92,93.89999,0.09484536
8,894,92,93.89999,0.09445585
8,894,92,93.89999,0.09445585
8,894,92,93.89999,0.09163347
8,894,92,93.89999,0.09163347
8,894,92,93.89999,0.09055118
8,894,92,93.89999,0.09037328
8,894,92,93.89999,0.08897486
8,894,92,93.89999,0.08897486
8,894,92,93.89999,0.08880309
8,894,92,93.89999,0.08846154
8,894,92,93.89999,0.08795411
8,894,92,93.89999,0.08630394
8,894,92,93.89999,0.08614232
8,894,92,93.89999,0.08598131
8,894,92,93.89999,0.08566108
8,894,92,93.89999,0.08502772
8,894,92,93.89999,0.08455882
8,894,92,93.89999,0.08303249
8,894,92,93.89999,0.08258528
8,894,92,93.89999,0.08243728
8,894,92,93.89999,0.08185054
8,894,92,93.89999,0.08185054
8,894,92,93.89999,0.08156028
8,894,92,93.89999,0.0784983
8,894,92,93.89999,0.0784983
8,894,92,93.89999,0.07731093
8,894,92,93.89999,0.07718121
8,894,92,93.89999,0.07491857
8,894,92,93.89999,0.07491857
8,894,92,93.89999,0.07443365
8,894,92,93.89999,0.07336523
8,894,92,93.89999,0.07153966
8,894,92,93.89999,0.07120743
8,894,92,93.89999,0.07055215
8,894,92,93.89999,0.06959153
8,894,92,93.89999,0.06824926
8,894,92,93.89999,0.06543385
8,894,92,93.89999,0.06506365
8,894,92,93.89999,0.06506365
8,894,92,93.89999,0.06318682
8,894,92,93.89999,0.06199461
7,813,126,88.25,0.328125
7,813,126,88.25,0.2985782
7,813,126,88.25,0.252
7,813,126,88.25,0.250996
7,813,126,88.25,0.250996
7,813,126,88.25,0.240458
7,813,126,88.25,0.2359551
7,813,126,88.25,0.2226148
7,813,126,88.25,0.2202797
7,813,126,88.25,0.2202797
7,813,126,88.25,0.2121212
7,813,126,88.25,0.2006369
7,813,126,88.25,0.1993671
7,813,126,88.25,0.1987382
7,813,126,88.25,0.196875
7,813,126,88.25,0.1926606
7,813,126,88.25,0.1920732
7,813,126,88.25,0.1903323
7,813,126,88.25,0.1886228
7,813,126,88.25,0.1863905
7,813,126,88.25,0.1863905
7,813,126,88.25,0.1847507
7,813,126,88.25,0.1831395
7,813,126,88.25,0.1810345
7,813,126,88.25,0.1794872
7,813,126,88.25,0.1789773
7,813,126,88.25,0.1764706
7,813,126,88.25,0.175
7,813,126,88.25,0.1730769
7,813,126,88.25,0.1730769
7,813,126,88.25,0.1721312
7,813,126,88.25,0.1711957
7,813,126,88.25,0.1707317
7,813,126,88.25,0.1698113
7,813,126,88.25,0.1689008
7,813,126,88.25,0.1684492
7,813,126,88.25,0.1684492
7,813,126,88.25,0.1649215
7,813,126,88.25,0.1623711
7,813,126,88.25,0.1619537
7,813,126,88.25,0.1619537
7,813,126,88.25,0.1615385
7,813,126,88.25,0.1611253
7,813,126,88.25,0.1603053
7,813,126,88.25,0.1594937
7,813,126,88.25,0.1582915
7,813,126,88.25,0.1555556
7,813,126,88.25,0.1551724
7,813,126,88.25,0.1525424
7,813,126,88.25,0.1521739
7,813,126,88.25,0.1518072
7,813,126,88.25,0.15
7,813,126,88.25,0.1496437
7,813,126,88.25,0.1492891
7,813,126,88.25,0.1478873
7,813,126,88.25,0.1471963
7,813,126,88.25,0.1471963
7,813,126,88.25,0.1454965
7,813,126,88.25,0.1428571
7,813,126,88.25,0.1425339
7,813,126,88.25,0.1425339
7,813,126,88.25,0.1418919
7,813,126,88.25,0.141573
7,813,126,88.25,0.1412556
7,813,126,88.25,0.1409396
7,813,126,88.25,0.14
7,813,126,88.25,0.14
7,813,126,88.25,0.1393805
7,813,126,88.25,0.1387665
7,813,126,88.25,0.1354839
7,813,126,88.25,0.1349036
7,813,126,88.25,0.1346154
7,813,126,88.25,0.1343284
7,813,126,88.25,0.1329114
7,813,126,88.25,0.1329114
7,813,126,88.25,0.1329114
7,813,126,88.25,0.1323529
7,813,126,88.25,0.1323529
7,813,126,88.25,0.1309771
7,813,126,88.25,0.1307054
7,813,126,88.25,0.1301653
7,813,126,88.25,0.1298969
7,813,126,88.25,0.1296296
7,813,126,88.25,0.1270161
7,813,126,88.25,0.126
7,813,126,88.25,0.1252485
7,813,126,88.25,0.1240157
7,813,126,88.25,0.1240157
7,813,126,88.25,0.1240157
7,813,126,88.25,0.1230469
7,813,126,88.25,0.1218569
7,813,126,88.25,0.1188679
7,813,126,88.25,0.1188679
7,813,126,88.25,0.1175373
7,813,126,88.25,0.1137184
7,813,126,88.25,0.1135135
7,813,126,88.25,0.1099476
7,813,126,88.25,0.1099476
7,813,126,88.25,0.1075085
7,813,126,88.25,0.1
8,879,100,93.95,0.3731343
8,879,100,93.95,0.3378378
8,879,100,93.95,0.2673797
8,879,100,93.95,0.2604167
8,879,100,93.95,0.2380952
8,879,100,93.95,0.2314815
8,879,100,93.95,0.2304147
8,879,100,93.95,0.2202643
8,879,100,93.95,0.2155172
8,879,100,93.95,0.2074689
8,879,100,93.95,0.2066116
8,879,100,93.95,0.2
8,879,100,93.95,0.1930502
8,879,100,93.95,0.1930502
8,879,100,93.95,0.1851852
8,879,100,93.95,0.1754386
8,879,100,93.95,0.166113
8,879,100,93.95,0.1650165
8,879,100,93.95,0.1628664
8,879,100,93.95,0.1618123
8,879,100,93.95,0.1607717
8,879,100,93.95,0.1547988
8,879,100,93.95,0.1440922
8,879,100,93.95,0.1416431
8,879,100,93.95,0.1412429
8,879,100,93.95,0.1408451
8,879,100,93.95,0.1362398
8,879,100,93.95,0.1351351
8,879,100,93.95,0.1336898
8,879,100,93.95,0.1333333
8,879,100,93.95,0.1308901
8,879,100,93.95,0.1305483
8,879,100,93.95,0.1305483
8,879,100,93.95,0.1295337
8,879,100,93.95,0.127551
8,879,100,93.95,0.1231527
8,879,100,93.95,0.1228501
8,879,100,93.95,0.122549
8,879,100,93.95,0.1222494
8,879,100,93.95,0.1216545
8,879,100,93.95,0.1213592
8,879,100,93.95,0.1204819
8,879,100,93.95,0.1176471
8,879,100,93.95,0.1160093
8,879,100,93.95,0.1144165
8,879,100,93.95,0.1141552
8,879,100,93.95,0.1138952
8,879,100,93.95,0.1133787
8,879,100,93.95,0.1126126
8,879,100,93.95,0.1113586
8,879,100,93.95,0.1111111
8,879,100,93.95,0.1111111
8,879,100,93.95,0.1106195
8,879,100,93.95,0.1098901
8,879,100,93.95,0.1068376
8,879,100,93.95,0.106383
8,879,100,93.95,0.1059322
8,879,100,93.95,0.1057082
8,879,100,93.95,0.1026694
8,879,100,93.95,0.102459
8,879,100,93.95,0.1010101
8,879,100,93.95,0.09940358
8,879,100,93.95,0.09920635
8,879,100,93.95,0.09881423
8,879,100,93.95,0.09823183
8,879,100,93.95,0.09823183
8,879,100,93.95,0.09784736
8,879,100,93.95,0.09765625
8,879,100,93.95,0.09596929
8,879,100,93.95,0.0952381
8,879,100,93.95,0.09469697
8,879,100,93.95,0.09398496
8,879,100,93.95,0.09242144
8,879,100,93.95,0.09242144
8,879,100,93.95,0.09225092
8,879,100,93.95,0.09107468
8,879,100,93.95,0.08976661
8,879,100,93.95,0.08865248
8,879,100,93.95,0.08802817
8,879,100,93.95,0.08756568
8,879,100,93.95,0.08756568
8,879,100,93.95,0.08680555
8,879,100,93.95,0.08680555
8,879,100,93.95,0.08576329
8,879,100,93.95,0.08561644
8,879,100,93.95,0.08532424
8,879,100,93.95,0.08517887
8,879,100,93.95,0.08347245
8,879,100,93.95,0.08223684
8,879,100,93.95,0.08223684
8,879,100,93.95,0.08169935
8,879,100,93.95,0.08156607
8,879,100,93.95,0.08064516
8,879,100,93.95,0.07936508
8,879,100,93.95,0.07861635
8,879,100,93.95,0.078125
8,879,100,93.95,0.07716049
8,879,100,93.95,0.07716049
8,879,100,93.95,0.07507508
8,879,100,93.95,0.07173601
10,1536,118,138.6,0.2510638
10,1536,118,138.6,0.2277992
10,1536,118,138.6,0.2251908
10,1536,118,138.6,0.2185185
10,1536,118,138.6,0.2006803
10,1536,118,138.6,0.1986532
10,1536,118,138.6,0.1915584
10,1536,118,138.6,0.1897106
10,1536,118,138.6,0.1787879
10,1536,118,138.6,0.1761194
10,1536,118,138.6,0.1755952
10,1536,118,138.6,0.1750742
10,1536,118,138.6,0.1740413
10,1536,118,138.6,0.1735294
10,1536,118,138.6,0.1695402
10,1536,118,138.6,0.1690544
10,1536,118,138.6,0.1680912
10,1536,118,138.6,0.1657303
10,1536,118,138.6,0.1648045
10,1536,118,138.6,0.1643454
10,1536,118,138.6,0.1625344
10,1536,118,138.6,0.1620879
10,1536,118,138.6,0.1594595
10,1536,118,138.6,0.1594595
10,1536,118,138.6,0.1573333
10,1536,118,138.6,0.1544503
10,1536,118,138.6,0.154047
10,1536,118,138.6,0.1501272
10,1536,118,138.6,0.1497462
10,1536,118,138.6,0.1478697
10,1536,118,138.6,0.1475
10,1536,118,138.6,0.1418269
10,1536,118,138.6,0.1398104
10,1536,118,138.6,0.1394799
10,1536,118,138.6,0.1359447
10,1536,118,138.6,0.1350114
10,1536,118,138.6,0.1343964
10,1536,118,138.6,0.1302428
10,1536,118,138.6,0.128821
10,1536,118,138.6,0.1279826
10,1536,118,138.6,0.1252654
10,1536,118,138.6,0.1231733
10,1536,118,138.6,0.1211499
10,1536,118,138.6,0.1204082
10,1536,118,138.6,0.1184739
10,1536,118,138.6,0.1175299
10,1536,118,138.6,0.1161417
10,1536,118,138.6,0.1154599
10,1536,118,138.6,0.1154599
10,1536,118,138.6,0.114786
10,1536,118,138.6,0.1143411
10,1536,118,138.6,0.1121673
10,1536,118,138.6,0.1106942
10,1536,118,138.6,0.1104869
10,1536,118,138.6,0.1102804
10,1536,118,138.6,0.1100746
10,1536,118,138.6,0.1076642
10,1536,118,138.6,0.1057348
10,1536,118,138.6,0.1055456
10,1536,118,138.6,0.1035088
10,1536,118,138.6,0.1010274
10,1536,118,138.6,0.1003401
10,1536,118,138.6,0.09899329
10,1536,118,138.6,0.09800664
10,1536,118,138.6,0.09672131
10,1536,118,138.6,0.09577922
10,1536,118,138.6,0.09546926
10,1536,118,138.6,0.09394904
10,1536,118,138.6,0.0927673
10,1536,118,138.6,0.09104938
10,1536,118,138.6,0.08980213
10,1536,118,138.6,0.08819133
10,1536,118,138.6,0.08792847
10,1536,118,138.6,0.08779762
10,1536,118,138.6,0.08779762
10,1536,118,138.6,0.08676471
10,1536,118,138.6,0.08526012
10,1536,118,138.6,0.08477011
10,1536,118,138.6,0.0832158
10,1536,118,138.6,0.08228731
10,1536,118,138.6,0.08137931
10,1536,118,138.6,0.0794078
10,1536,118,138.6,0.0789826
10,1536,118,138.6,0.07793923
10,1536,118,138.6,0.076524
10,1536,118,138.6,0.07458913
10,1536,118,138.6,0.06924883
10,1536,118,138.6,0.0640608
10,1536,118,138.6,0.05882353
10,1536,118,138.6,0.05801377
10,1536,118,138.6,0.05772994
10,1536,118,138.6,0.05722599
10,1536,118,138.6,0.05717054
10,1536,118,138.6,0.05700483
10,1536,118,138.6,0.05678537
10,1536,118,138.6,0.0547818
10,1536,118,138.6,0.05422794
10,1536,118,138.6,0.05286738
10,1536,118,138.6,0.05282005
10,1536,118,138.6,0.04548959
11,1171,150,130.55,0.3099174
11,1171,150,130.55,0.3012048
11,1171,150,130.55,0.2830189
11,1171,150,130.55,0.2747253
11,1171,150,130.55,0.2688172
11,1171,150,130.55,0.2659574
11,1171,150,130.55,0.2577319
11,1171,150,130.55,0.2491694
11,1171,150,130.55,0.2459016
11,1171,150,130.55,0.245098
11,1171,150,130.55,0.2265861
11,1171,150,130.55,0.2118644
11,1171,150,130.55,0.2089137
11,1171,150,130.55,0.2027027
11,1171,150,130.55,0.2005348
11,1171,150,130.55,0.1994681
11,1171,150,130.55,0.1984127
11,1171,150,130.55,0.1937985
11,1171,150,130.55,0.1928021
11,1171,150,130.55,0.1908397
11,1171,150,130.55,0.1884422
11,1171,150,130.55,0.1856436
11,1171,150,130.55,0.1833741
11,1171,150,130.55,0.1833741
11,1171,150,130.55,0.1789976
11,1171,150,130.55,0.1633987
11,1171,150,130.55,0.1595745
11,1171,150,130.55,0.1595745
11,1171,150,130.55,0.1578947
11,1171,150,130.55,0.15625
11,1171,150,130.55,0.1549587
11,1171,150,130.55,0.152439
11,1171,150,130.55,0.1491054
11,1171,150,130.55,0.1488095
11,1171,150,130.55,0.1459144
11,1171,150,130.55,0.1459144
11,1171,150,130.55,0.1445087
11,1171,150,130.55,0.1431298
11,1171,150,130.55,0.1415094
11,1171,150,130.55,0.1399254
11,1171,150,130.55,0.1394052
11,1171,150,130.55,0.1391466
11,1171,150,130.55,0.1383764
11,1171,150,130.55,0.1376147
11,1171,150,130.55,0.1373626
11,1171,150,130.55,0.1368613
11,1171,150,130.55,0.1346499
11,1171,150,130.55,0.1329787
11,1171,150,130.55,0.1325088
11,1171,150,130.55,0.1313485
11,1171,150,130.55,0.128866
11,1171,150,130.55,0.1279863
11,1171,150,130.55,0.1277683
11,1171,150,130.55,0.1262626
11,1171,150,130.55,0.1258389
11,1171,150,130.55,0.1256281
11,1171,150,130.55,0.1245847
11,1171,150,130.55,0.1235585
11,1171,150,130.55,0.1235585
11,1171,150,130.55,0.1233553
11,1171,150,130.55,0.1229508
11,1171,150,130.55,0.120773
11,1171,150,130.55,0.1198083
11,1171,150,130.55,0.1194267
11,1171,150,130.55,0.1184834
11,1171,150,130.55,0.1173709
11,1171,150,130.55,0.1171875
11,1171,150,130.55,0.1166407
11,1171,150,130.55,0.1164596
11,1171,150,130.55,0.1143293
11,1171,150,130.55,0.1139818
11,1171,150,130.55,0.1134644
11,1171,150,130.55,0.1131222
11,1171,150,130.55,0.1126126
11,1171,150,130.55,0.1119403
11,1171,150,130.55,0.1116071
11,1171,150,130.55,0.1107829
11,1171,150,130.55,0.1106195
11,1171,150,130.55,0.1093294
11,1171,150,130.55,0.1088534
11,1171,150,130.55,0.1080692
11,1171,150,130.55,0.1080692
11,1171,150,130.55,0.107604
11,1171,150,130.55,0.1072961
11,1171,150,130.55,0.106383
11,1171,150,130.55,0.1062323
11,1171,150,130.55,0.1048951
11,1171,150,130.55,0.1046025
11,1171,150,130.55,0.1037344
11,1171,150,130.55,0.1033058
11,1171,150,130.55,0.1004016
11,1171,150,130.55,0.09615385
11,1171,150,130.55,0.09541985
11,1171,150,130.55,0.0952986
11,1171,150,130.55,0.09493671
11,1171,150,130.55,0.09422111
11,1171,150,130.55,0.09351621
11,1171,150,130.55,0.08782201
11,1171,150,130.55,0.08741259
11,1171,150,130.55,0.08513054
8,1215,119,114.65,0.3531157
8,1215,119,114.65,0.240404
8,1215,119,114.65,0.1904
8,1215,119,114.65,0.1885895
8,1215,119,114.65,0.1669004
8,1215,119,114.65,0.1551499
8,1215,119,114.65,0.1551499
8,1215,119,114.65,0.1504425
8,1215,119,114.65,0.1481943
8,1215,119,114.65,0.1460123
8,1215,119,114.65,0.1411625
8,1215,119,114.65,0.1375723
8,1215,119,114.65,0.1341601
8,1215,119,114.65,0.1338583
8,1215,119,114.65,0.1332587
8,1215,119,114.65,0.1329609
8,1215,119,114.65,0.1314917
8,1215,119,114.65,0.129771
8,1215,119,114.65,0.1294886
8,1215,119,114.65,0.1286487
8,1215,119,114.65,0.1270011
8,1215,119,114.65,0.126193
8,1215,119,114.65,0.1259259
8,1215,119,114.65,0.12566
8,1215,119,114.65,0.1253951
8,1215,119,114.65,0.119598
8,1215,119,114.65,0.1154219
8,1215,119,114.65,0.1136581
8,1215,119,114.65,0.1123702
8,1215,119,114.65,0.1104921
8,1215,119,114.65,0.1104921
8,1215,119,114.65,0.1092746
8,1215,119,114.65,0.1071107
8,1215,119,114.65,0.1065354
8,1215,119,114.65,0.1052166
8,1215,119,114.65,0.1028522
8,1215,119,114.65,0.1012766
8,1215,119,114.65,0.1011045
8,1215,119,114.65,0.1005917
8,1215,119,114.65,0.1000841
8,1215,119,114.65,0.09875519
8,1215,119,114.65,0.09698451
8,1215,119,114.65,0.0960452
8,1215,119,114.65,0.09542903
8,1215,119,114.65,0.09217661
8,1215,119,114.65,0.09118774
8,1215,119,114.65,0.09118774
8,1215,119,114.65,0.09090909
8,1215,119,114.65,0.09063214
8,1215,119,114.65,0.0904943
8,1215,119,114.65,0.08994709
8,1215,119,114.65,0.08913857
8,1215,119,114.65,0.08887229
8,1215,119,114.65,0.08873975
8,1215,119,114.65,0.0880829
8,1215,119,114.65,0.0879527
8,1215,119,114.65,0.0879527
8,1215,119,114.65,0.08782288
8,1215,119,114.65,0.08679796
8,1215,119,114.65,0.08679796
8,1215,119,114.65,0.08579668
8,1215,119,114.65,0.08567315
8,1215,119,114.65,0.08530466
8,1215,119,114.65,0.08445706
8,1215,119,114.65,0.08386187
8,1215,119,114.65,0.08315863
8,1215,119,114.65,0.08292683
8,1215,119,114.65,0.08189952
8,1215,119,114.65,0.08178694
8,1215,119,114.65,0.08100749
8,1215,119,114.65,0.07844429
8,1215,119,114.65,0.07844429
8,1215,119,114.65,0.07762557
8,1215,119,114.65,0.07722259
8,1215,119,114.65,0.07672469
8,1215,119,114.65,0.07652733
8,1215,119,114.65,0.07633098
8,1215,119,114.65,0.07633098
8,1215,119,114.65,0.07574793
8,1215,119,114.65,0.07545973
8,1215,119,114.65,0.07451472
8,1215,119,114.65,0.07451472
8,1215,119,114.65,0.07350216
8,1215,119,114.65,0.07305095
8,1215,119,114.65,0.07260524
8,1215,119,114.65,0.07172996
8,1215,119,114.65,0.07138573
8,1215,119,114.65,0.07121484
8,1215,119,114.65,0.07079119
8,1215,119,114.65,0.07062314
8,1215,119,114.65,0.06914584
8,1215,119,114.65,0.06898551
8,1215,119,114.65,0.06890561
8,1215,119,114.65,0.06796116
8,1215,119,114.65,0.06780627
8,1215,119,114.65,0.06696679
8,1215,119,114.65,0.06292967
8,1215,119,114.65,0.06068332
8,1215,119,114.65,0.05751571
8,1215,119,114.65,0.05729418
6,1003,104,90.55,0.3823529
6,1003,104,90.55,0.3095238
6,1003,104,90.55,0.2342342
6,1003,104,90.55,0.2321429
6,1003,104,90.55,0.1954887
6,1003,104,90.55,0.1911765
6,1003,104,90.55,0.1870504
6,1003,104,90.55,0.1857143
6,1003,104,90.55,0.1818182
6,1003,104,90.55,0.1811847
6,1003,104,90.55,0.1780822
6,1003,104,90.55,0.1693811
6,1003,104,90.55,0.1688312
6,1003,104,90.55,0.1682848
6,1003,104,90.55,0.1625
6,1003,104,90.55,0.1609907
6,1003,104,90.55,0.1590214
6,1003,104,90.55,0.1585366
6,1003,104,90.55,0.1580547
6,1003,104,90.55,0.1547619
6,1003,104,90.55,0.1498559
6,1003,104,90.55,0.1436464
6,1003,104,90.55,0.1409214
6,1003,104,90.55,0.1405405
6,1003,104,90.55,0.1394102
6,1003,104,90.55,0.1354167
6,1003,104,90.55,0.134715
6,1003,104,90.55,0.1343669
6,1003,104,90.55,0.1333333
6,1003,104,90.55,0.1329923
6,1003,104,90.55,0.1309824
6,1003,104,90.55,0.13
6,1003,104,90.55,0.1296758
6,1003,104,90.55,0.1296758
6,1003,104,90.55,0.1290323
6,1003,104,90.55,0.1277641
6,1003,104,90.55,0.1265207
6,1003,104,90.55,0.1265207
6,1003,104,90.55,0.124105
6,1003,104,90.55,0.1223529
6,1003,104,90.55,0.1212121
6,1003,104,90.55,0.1212121
6,1003,104,90.55,0.118451
6,1003,104,90.55,0.1168539
6,1003,104,90.55,0.1160714
6,1003,104,90.55,0.1140351
6,1003,104,90.55,0.1127983
6,1003,104,90.55,0.112069
6,1003,104,90.55,0.111588
6,1003,104,90.55,0.1106383
6,1003,104,90.55,0.1101695
6,1003,104,90.55,0.1097046
6,1003,104,90.55,0.1094737
6,1003,104,90.55,0.1078838
6,1003,104,90.55,0.1078838
6,1003,104,90.55,0.1065574
6,1003,104,90.55,0.1061224
6,1003,104,90.55,0.1046278
6,1003,104,90.55,0.1044177
6,1003,104,90.55,0.1035857
6,1003,104,90.55,0.1003861
6,1003,104,90.55,0.09848485
6,1003,104,90.55,0.09756097
6,1003,104,90.55,0.09737828
6,1003,104,90.55,0.09719626
6,1003,104,90.55,0.09701493
6,1003,104,90.55,0.09647495
6,1003,104,90.55,0.09594096
6,1003,104,90.55,0.09489051
6,1003,104,90.55,0.0942029
6,1003,104,90.55,0.09386282
6,1003,104,90.55,0.09352518
6,1003,104,90.55,0.09335727
6,1003,104,90.55,0.0920354
6,1003,104,90.55,0.0920354
6,1003,104,90.55,0.09122807
6,1003,104,90.55,0.0910683
6,1003,104,90.55,0.09090909
6,1003,104,90.55,0.09090909
6,1003,104,90.55,0.09012131
6,1003,104,90.55,0.08950086
6,1003,104,90.55,0.08919383
6,1003,104,90.55,0.0887372
6,1003,104,90.55,0.08813559
6,1003,104,90.55,0.08739496
6,1003,104,90.55,0.08652246
6,1003,104,90.55,0.08580858
6,1003,104,90.55,0.0852459
6,1003,104,90.55,0.08333334
6,1003,104,90.55,0.08112325
6,1003,104,90.55,0.07680945
6,1003,104,90.55,0.07647059
6,1003,104,90.55,0.07525326
6,1003,104,90.55,0.07407407
6,1003,104,90.55,0.0724234
6,1003,104,90.55,0.07222223
6,1003,104,90.55,0.07152683
6,1003,104,90.55,0.07017544
6,1003,104,90.55,0.06666667
6,1003,104,90.55,0.06658131
6,906,69,84.2,0.4181818
6,906,69,84.2,0.3333333
6,906,69,84.2,0.3066667
6,906,69,84.2,0.2911392
6,906,69,84.2,0.223301
6,906,69,84.2,0.2190476
6,906,69,84.2,0.2176656
6,906,69,84.2,0.202346
6,906,69,84.2,0.2
6,906,69,84.2,0.1954674
6,906,69,84.2,0.1911357
6,906,69,84.2,0.1890411
6,906,69,84.2,0.1849866
6,906,69,84.2,0.1849866
6,906,69,84.2,0.1820581
6,906,69,84.2,0.1811024
6,906,69,84.2,0.1801567
6,906,69,84.2,0.1801567
6,906,69,84.2,0.1782946
6,906,69,84.2,0.1738035
6,906,69,84.2,0.1729323
6,906,69,84.2,0.1646778
6,906,69,84.2,0.1615925
6,906,69,84.2,0.1615925
6,906,69,84.2,0.1557562
6,906,69,84.2,0.1516484
6,906,69,84.2,0.1503268
6,906,69,84.2,0.1464968
6,906,69,84.2,0.1446541
6,906,69,84.2,0.142268
6,906,69,84.2,0.1393939
6,906,69,84.2,0.138833
6,906,69,84.2,0.1339806
6,906,69,84.2,0.1294559
6,906,69,84.2,0.1261426
6,906,69,84.2,0.1243243
6,906,69,84.2,0.1133005
6,906,69,84.2,0.1093502
6,906,69,84.2,0.1066461
6,906,69,84.2,0.1066461
6,906,69,84.2,0.1063174
6,906,69,84.2,0.1040724
6,906,69,84.2,0.1007299
6,906,69,84.2,0.09985528
6,906,69,84.2,0.0995671
6,906,69,84.2,0.09871244
6,906,69,84.2,0.09843081
6,906,69,84.2,0.09704641
6,906,69,84.2,0.09465021
6,906,69,84.2,0.09163347
6,906,69,84.2,0.09067017
6,906,69,84.2,0.08903226
6,906,69,84.2,0.08812261
6,906,69,84.2,0.08635794
6,906,69,84.2,0.08571429
6,906,69,84.2,0.08466258
6,906,69,84.2,0.0834341
6,906,69,84.2,0.08089098
6,906,69,84.2,0.08032596
6,906,69,84.2,0.07995365
6,906,69,84.2,0.07976878
6,906,69,84.2,0.07867731
6,906,69,84.2,0.0779661
6,906,69,84.2,0.0776153
6,906,69,84.2,0.07675195
6,906,69,84.2,0.07607497
6,906,69,84.2,0.07607497
6,906,69,84.2,0.07607497
6,906,69,84.2,0.07607497
6,906,69,84.2,0.07379679
6,906,69,84.2,0.07225131
6,906,69,84.2,0.07106076
6,906,69,84.2,0.06865671
6,906,69,84.2,0.06838454
6,906,69,84.2,0.06577693
6,906,69,84.2,0.063129
6,906,69,84.2,0.0630137
6,906,69,84.2,0.06026201
6,906,69,84.2,0.05994787
6,906,69,84.2,0.05994787
6,906,69,84.2,0.05912596
6,906,69,84.2,0.05912596
6,906,69,84.2,0.05872341
6,906,69,84.2,0.05832629
6,906,69,84.2,0.05614321
6,906,69,84.2,0.0548054
6,906,69,84.2,0.0548054
6,906,69,84.2,0.05463183
6,906,69,84.2,0.05454545
6,906,69,84.2,0.05336427
6,906,69,84.2,0.05319969
6,906,69,84.2,0.05295472
6,906,69,84.2,0.0523918
6,906,69,84.2,0.05153099
6,906,69,84.2,0.05099778
6,906,69,84.2,0.05054945
6,906,69,84.2,0.0489709
6,906,69,84.2,0.04842105
6,906,69,84.2,0.04768487
6,906,69,84.2,0.04566512
5,1085,82,85.45,0.1729958
5,1085,82,85.45,0.1583012
5,1085,82,85.45,0.1518518
5,1085,82,85.45,0.1507353
5,1085,82,85.45,0.1507353
5,1085,82,85.45,0.1353135
5,1085,82,85.45,0.1344262
5,1085,82,85.45,0.1339869
5,1085,82,85.45,0.1309904
5,1085,82,85.45,0.1305732
5,1085,82,85.45,0.1231231
5,1085,82,85.45,0.1223881
5,1085,82,85.45,0.1202346
5,1085,82,85.45,0.1195335
5,1085,82,85.45,0.1178161
5,1085,82,85.45,0.115493
5,1085,82,85.45,0.1138889
5,1085,82,85.45,0.1126374
5,1085,82,85.45,0.1108108
5,1085,82,85.45,0.1081794
5,1085,82,85.45,0.1062176
5,1085,82,85.45,0.1048593
5,1085,82,85.45,0.1037975
5,1085,82,85.45,0.09951457
5,1085,82,85.45,0.09879518
5,1085,82,85.45,0.09669811
5,1085,82,85.45,0.09490741
5,1085,82,85.45,0.0940367
5,1085,82,85.45,0.0940367
5,1085,82,85.45,0.09382151
5,1085,82,85.45,0.09360731
5,1085,82,85.45,0.09255079
5,1085,82,85.45,0.09172259
5,1085,82,85.45,0.09111111
5,1085,82,85.45,0.09111111
5,1085,82,85.45,0.08971553
5,1085,82,85.45,0.08951965
5,1085,82,85.45,0.08932462
5,1085,82,85.45,0.08913043
5,1085,82,85.45,0.0889371
5,1085,82,85.45,0.08817204
5,1085,82,85.45,0.08779443
5,1085,82,85.45,0.08779443
5,1085,82,85.45,0.08760684
5,1085,82,85.45,0.08742005
5,1085,82,85.45,0.08559499
5,1085,82,85.45,0.08436214
5,1085,82,85.45,0.08282828
5,1085,82,85.45,0.08167331
5,1085,82,85.45,0.08151093
5,1085,82,85.45,0.08151093
5,1085,82,85.45,0.08070866
5,1085,82,85.45,0.07930367
5,1085,82,85.45,0.07765152
5,1085,82,85.45,0.07765152
5,1085,82,85.45,0.07750472
5,1085,82,85.45,0.0772128
5,1085,82,85.45,0.07663552
5,1085,82,85.45,0.07606679
5,1085,82,85.45,0.07606679
5,1085,82,85.45,0.07256638
5,1085,82,85.45,0.07167832
5,1085,82,85.45,0.06902357
5,1085,82,85.45,0.06902357
5,1085,82,85.45,0.06799337
5,1085,82,85.45,0.06799337
5,1085,82,85.45,0.06799337
5,1085,82,85.45,0.0677686
5,1085,82,85.45,0.06743421
5,1085,82,85.45,0.06710311
5,1085,82,85.45,0.06699347
5,1085,82,85.45,0.06699347
5,1085,82,85.45,0.06666667
5,1085,82,85.45,0.06655844
5,1085,82,85.45,0.06645057
5,1085,82,85.45,0.06539075
5,1085,82,85.45,0.06416275
5,1085,82,85.45,0.06366459
5,1085,82,85.45,0.0632716
5,1085,82,85.45,0.06288344
5,1085,82,85.45,0.0625
5,1085,82,85.45,0.06231003
5,1085,82,85.45,0.06202723
5,1085,82,85.45,0.06184012
5,1085,82,85.45,0.06174699
5,1085,82,85.45,0.0612855
5,1085,82,85.45,0.05950653
5,1085,82,85.45,0.05916306
5,1085,82,85.45,0.05899281
5,1085,82,85.45,0.05873926
5,1085,82,85.45,0.05686546
5,1085,82,85.45,0.05608755
5,1085,82,85.45,0.05601093
5,1085,82,85.45,0.05585831
5,1085,82,85.45,0.0535248
5,1085,82,85.45,0.05276705
5,1085,82,85.45,0.05183312
5,1085,82,85.45,0.05093168
5,1085,82,85.45,0.04606742
5,1085,82,85.45,0.04338624
5,811,67,70.25,0.2547528
5,811,67,70.25,0.2384342
5,811,67,70.25,0.2154341
5,811,67,70.25,0.2087227
5,811,67,70.25,0.2
5,811,67,70.25,0.1887324
5,811,67,70.25,0.1855956
5,811,67,70.25,0.184573
5,811,67,70.25,0.180593
5,811,67,70.25,0.1786667
5,811,67,70.25,0.1786667
5,811,67,70.25,0.175853
5,811,67,70.25,0.1696203
5,811,67,70.25,0.1687657
5,811,67,70.25,0.1646192
5,811,67,70.25,0.1554524
5,811,67,70.25,0.1554524
5,811,67,70.25,0.1547344
5,811,67,70.25,0.1498881
5,811,67,70.25,0.1492205
5,811,67,70.25,0.1466083
5,811,67,70.25,0.144086
5,811,67,70.25,0.1404612
5,811,67,70.25,0.1392931
5,811,67,70.25,0.1364562
5,811,67,70.25,0.1353535
5,811,67,70.25,0.1348089
5,811,67,70.25,0.1321499
5,811,67,70.25,0.1295938
5,811,67,70.25,0.1290944
5,811,67,70.25,0.1290944
5,811,67,70.25,0.1285989
5,811,67,70.25,0.1266541
5,811,67,70.25,0.1266541
5,811,67,70.25,0.1247672
5,811,67,70.25,0.1238447
5,811,67,70.25,0.1233886
5,811,67,70.25,0.1215971
5,811,67,70.25,0.1207207
5,811,67,70.25,0.1185841
5,811,67,70.25,0.1161178
5,811,67,70.25,0.1161178
5,811,67,70.25,0.1149228
5,811,67,70.25,0.1137521
5,811,67,70.25,0.1111111
5,811,67,70.25,0.1089431
5,811,67,70.25,0.1072
5,811,67,70.25,0.1019787
5,811,67,70.25,0.09696092
5,811,67,70.25,0.09585121
5,811,67,70.25,0.09585121
5,811,67,70.25,0.07570621
5,811,67,70.25,0.07290533
5,811,67,70.25,0.07104984
5,811,67,70.25,0.07074974
5,811,67,70.25,0.07015707
5,811,67,70.25,0.06914344
5,811,67,70.25,0.06843718
5,811,67,70.25,0.06829765
5,811,67,70.25,0.06747231
5,811,67,70.25,0.06653426
5,811,67,70.25,0.06627102
5,811,67,70.25,0.06498545
5,811,67,70.25,0.06485963
5,811,67,70.25,0.06460945
5,811,67,70.25,0.06460945
5,811,67,70.25,0.06436119
5,811,67,70.25,0.06436119
5,811,67,70.25,0.06423777
5,811,67,70.25,0.06350711
5,811,67,70.25,0.06338695
5,811,67,70.25,0.0629108
5,811,67,70.25,0.06244175
5,811,67,70.25,0.06220984
5,811,67,70.25,0.06197965
5,811,67,70.25,0.06085377
5,811,67,70.25,0.06041479
5,811,67,70.25,0.05966162
5,811,67,70.25,0.05955556
5,811,67,70.25,0.05923961
5,811,67,70.25,0.05913504
5,811,67,70.25,0.05882353
5,811,67,70.25,0.05810928
5,811,67,70.25,0.05790838
5,811,67,70.25,0.05770887
5,811,67,70.25,0.05770887
5,811,67,70.25,0.0571185
5,811,67,70.25,0.05682782
5,811,67,70.25,0.05654008
5,811,67,70.25,0.05625525
5,811,67,70.25,0.05625525
5,811,67,70.25,0.05578684
5,811,67,70.25,0.05469388
5,811,67,70.25,0.05460473
5,811,67,70.25,0.05451586
5,811,67,70.25,0.05263158
5,811,67,70.25,0.05165767
5,811,67,70.25,0.04908425
5,811,67,70.25,0.04823614
5,811,67,70.25,0.04782298
7,1296,133,113.1,0.2949002
7,1296,133,113.1,0.2467532
7,1296,133,113.1,0.2141707
7,1296,133,113.1,0.2101106
7,1296,133,113.1,0.1924747
7,1296,133,113.1,0.1908178
7,1296,133,113.1,0.1834483
7,1296,133,113.1,0.1829436
7,1296,133,113.1,0.1819425
7,1296,133,113.1,0.1707317
7,1296,133,113.1,0.1668758
7,1296,133,113.1,0.1652174
7,1296,133,113.1,0.1551925
7,1296,133,113.1,0.1530495
7,1296,133,113.1,0.1496063
7,1296,133,113.1,0.1463146
7,1296,133,113.1,0.1437838
7,1296,133,113.1,0.1431647
7,1296,133,113.1,0.1425509
7,1296,133,113.1,0.1350254
7,1296,133,113.1,0.1344793
7,1296,133,113.1,0.1339376
7,1296,133,113.1,0.1320755
7,1296,133,113.1,0.1287512
7,1296,133,113.1,0.1282546
7,1296,133,113.1,0.1272727
7,1296,133,113.1,0.1265461
7,1296,133,113.1,0.1265461
7,1296,133,113.1,0.1244153
7,1296,133,113.1,0.1225806
7,1296,133,113.1,0.1169745
7,1296,133,113.1,0.1167691
7,1296,133,113.1,0.1161572
7,1296,133,113.1,0.1153513
7,1296,133,113.1,0.1111111
7,1296,133,113.1,0.1111111
7,1296,133,113.1,0.110741
7,1296,133,113.1,0.1098266
7,1296,133,113.1,0.1091058
7,1296,133,113.1,0.1089271
7,1296,133,113.1,0.1068273
7,1296,133,113.1,0.106656
7,1296,133,113.1,0.1063149
7,1296,133,113.1,0.1049724
7,1296,133,113.1,0.1036633
7,1296,133,113.1,0.1020721
7,1296,133,113.1,0.09962547
7,1296,133,113.1,0.09873793
7,1296,133,113.1,0.09873793
7,1296,133,113.1,0.09830008
7,1296,133,113.1,0.09801032
7,1296,133,113.1,0.09658679
7,1296,133,113.1,0.09658679
7,1296,133,113.1,0.09412597
7,1296,133,113.1,0.09346451
7,1296,133,113.1,0.0919143
7,1296,133,113.1,0.09178744
7,1296,133,113.1,0.09128346
7,1296,133,113.1,0.09115833
7,1296,133,113.1,0.09066121
7,1296,133,113.1,0.08956229
7,1296,133,113.1,0.08848969
7,1296,133,113.1,0.08790483
7,1296,133,113.1,0.08755761
7,1296,133,113.1,0.08755761
7,1296,133,113.1,0.08698495
7,1296,133,113.1,0.08575113
7,1296,133,113.1,0.0856407
7,1296,133,113.1,0.08509277
7,1296,133,113.1,0.08423053
7,1296,133,113.1,0.08174554
7,1296,133,113.1,0.08164518
7,1296,133,113.1,0.08144519
7,1296,133,113.1,0.08124618
7,1296,133,113.1,0.07997595
7,1296,133,113.1,0.07997595
7,1296,133,113.1,0.07959305
7,1296,133,113.1,0.07940298
7,1296,133,113.1,0.07930829
7,1296,133,113.1,0.07883818
7,1296,133,113.1,0.07828134
7,1296,133,113.1,0.07800587
7,1296,133,113.1,0.07782329
7,1296,133,113.1,0.07782329
7,1296,133,113.1,0.0768342
7,1296,133,113.1,0.0765688
7,1296,133,113.1,0.07621776
7,1296,133,113.1,0.07569721
7,1296,133,113.1,0.07467715
7,1296,133,113.1,0.0731171
7,1296,133,113.1,0.07247956
7,1296,133,113.1,0.07139023
7,1296,133,113.1,0.07108498
7,1296,133,113.1,0.07003686
7,1296,133,113.1,0.06966998
7,1296,133,113.1,0.06782254
7,1296,133,113.1,0.06713781
7,1296,133,113.1,0.0664004
7,1296,133,113.1,0.06613625
7,1296,133,113.1,0.06415822
8,1189,163,115.75,0.3614191
8,1189,163,115.75,0.2936937
8,1189,163,115.75,0.2854641
8,1189,163,115.75,0.2815199
8,1189,163,115.75,0.2583201
8,1189,163,115.75,0.2534992
8,1189,163,115.75,0.2414815
8,1189,163,115.75,0.238653
8,1189,163,115.75,0.2267037
8,1189,163,115.75,0.2242091
8,1189,163,115.75,0.219973
8,1189,163,115.75,0.219973
8,1189,163,115.75,0.2147563
8,1189,163,115.75,0.2147563
8,1189,163,115.75,0.2114137
8,1189,163,115.75,0.204005
8,1189,163,115.75,0.2009864
8,1189,163,115.75,0.1990232
8,1189,163,115.75,0.1975758
8,1189,163,115.75,0.1970979
8,1189,163,115.75,0.1952096
8,1189,163,115.75,0.1928994
8,1189,163,115.75,0.1928994
8,1189,163,115.75,0.1910903
8,1189,163,115.75,0.1875719
8,1189,163,115.75,0.1867125
8,1189,163,115.75,0.185438
8,1189,163,115.75,0.185438
8,1189,163,115.75,0.1821229
8,1189,163,115.75,0.1813126
8,1189,163,115.75,0.1809101
8,1189,163,115.75,0.1801105
8,1189,163,115.75,0.1793179
8,1189,163,115.75,0.1793179
8,1189,163,115.75,0.1777535
8,1189,163,115.75,0.1703239
8,1189,163,115.75,0.1685626
8,1189,163,115.75,0.1685626
8,1189,163,115.75,0.1682146
8,1189,163,115.75,0.1634905
8,1189,163,115.75,0.1615461
8,1189,163,115.75,0.1599607
8,1189,163,115.75,0.1596474
8,1189,163,115.75,0.1574879
8,1189,163,115.75,0.1571842
8,1189,163,115.75,0.1559809
8,1189,163,115.75,0.1556829
8,1189,163,115.75,0.1547958
8,1189,163,115.75,0.1539188
8,1189,163,115.75,0.1527648
8,1189,163,115.75,0.1451469
8,1189,163,115.75,0.1446318
8,1189,163,115.75,0.141616
8,1189,163,115.75,0.1413703
8,1189,163,115.75,0.1413703
8,1189,163,115.75,0.1396744
8,1189,163,115.75,0.1394354
8,1189,163,115.75,0.1382528
8,1189,163,115.75,0.1377853
8,1189,163,115.75,0.1368598
8,1189,163,115.75,0.1354946
8,1189,163,115.75,0.1328443
8,1189,163,115.75,0.1321979
8,1189,163,115.75,0.1302958
8,1189,163,115.75,0.1294678
8,1189,163,115.75,0.1290578
8,1189,163,115.75,0.1288538
8,1189,163,115.75,0.1282455
8,1189,163,115.75,0.1282455
8,1189,163,115.75,0.1260634
8,1189,163,115.75,0.1247131
8,1189,163,115.75,0.1228335
8,1189,163,115.75,0.1224643
8,1189,163,115.75,0.1210096
8,1189,163,115.75,0.1210096
8,1189,163,115.75,0.1197649
8,1189,163,115.75,0.1176895
8,1189,163,115.75,0.1176895
8,1189,163,115.75,0.1158493
8,1189,163,115.75,0.114708
8,1189,163,115.75,0.1140658
8,1189,163,115.75,0.1139064
8,1189,163,115.75,0.1137474
8,1189,163,115.75,0.1117204
8,1189,163,115.75,0.1112628
8,1189,163,115.75,0.1106585
8,1189,163,115.75,0.1064664
8,1189,163,115.75,0.1055016
8,1189,163,115.75,0.1050935
8,1189,163,115.75,0.1036237
8,1189,163,115.75,0.1006794
8,1189,163,115.75,0.1005552
8,1189,163,115.75,0.09837055
8,1189,163,115.75,0.09837055
8,1189,163,115.75,0.09627879
8,1189,163,115.75,0.09308966
8,1189,163,115.75,0.09203839
8,1189,163,115.75,0.09111235
8,1189,163,115.75,0.0892173
8,1189,163,115.75,0.08768155
8,904,110,98.2,0.3254438
8,904,110,98.2,0.3216374
8,904,110,98.2,0.237069
8,904,110,98.2,0.22
8,904,110,98.2,0.2156863
8,904,110,98.2,0.210728
8,904,110,98.2,0.2075472
8,904,110,98.2,0.198556
8,904,110,98.2,0.198556
8,904,110,98.2,0.1978417
8,904,110,98.2,0.1957295
8,904,110,98.2,0.1943463
8,904,110,98.2,0.1929825
8,904,110,98.2,0.1896552
8,904,110,98.2,0.1858108
8,904,110,98.2,0.1827243
8,904,110,98.2,0.1815182
8,904,110,98.2,0.1785714
8,904,110,98.2,0.176282
8,904,110,98.2,0.1751592
8,904,110,98.2,0.1751592
8,904,110,98.2,0.1724138
8,904,110,98.2,0.1713396
8,904,110,98.2,0.1708075
8,904,110,98.2,0.1671733
8,904,110,98.2,0.1671733
8,904,110,98.2,0.1671733
8,904,110,98.2,0.1666667
8,904,110,98.2,0.1622419
8,904,110,98.2,0.1622419
8,904,110,98.2,0.1585014
8,904,110,98.2,0.1571429
8,904,110,98.2,0.1540616
8,904,110,98.2,0.1527778
8,904,110,98.2,0.1523546
8,904,110,98.2,0.1510989
8,904,110,98.2,0.1490515
8,904,110,98.2,0.148248
8,904,110,98.2,0.1466667
8,904,110,98.2,0.1439791
8,904,110,98.2,0.142487
8,904,110,98.2,0.1413882
8,904,110,98.2,0.140665
8,904,110,98.2,0.1403061
8,904,110,98.2,0.1395939
8,904,110,98.2,0.1351351
8,904,110,98.2,0.1341463
8,904,110,98.2,0.1334952
8,904,110,98.2,0.1322115
8,904,110,98.2,0.1322115
8,904,110,98.2,0.1300236
8,904,110,98.2,0.1267281
8,904,110,98.2,0.1264368
8,904,110,98.2,0.1247166
8,904,110,98.2,0.1238739
8,904,110,98.2,0.1235955
8,904,110,98.2,0.1235955
8,904,110,98.2,0.1224944
8,904,110,98.2,0.1222222
8,904,110,98.2,0.1216814
8,904,110,98.2,0.120614
8,904,110,98.2,0.1195652
8,904,110,98.2,0.1187905
8,904,110,98.2,0.1134021
8,904,110,98.2,0.1127049
8,904,110,98.2,0.111336
8,904,110,98.2,0.1111111
8,904,110,98.2,0.1061776
8,904,110,98.2,0.1057692
8,904,110,98.2,0.105364
8,904,110,98.2,0.1051625
8,904,110,98.2,0.1049618
8,904,110,98.2,0.1045627
8,904,110,98.2,0.1041667
8,904,110,98.2,0.1033835
8,904,110,98.2,0.1024209
8,904,110,98.2,0.1024209
8,904,110,98.2,0.1020408
8,904,110,98.2,0.1009174
8,904,110,98.2,0.1007326
8,904,110,98.2,0.1001821
8,904,110,98.2,0.09892087
8,904,110,98.2,0.09856631
8,904,110,98.2,0.09717315
8,904,110,98.2,0.09717315
8,904,110,98.2,0.0940171
8,904,110,98.2,0.09322034
8,904,110,98.2,0.0918197
8,904,110,98.2,0.0918197
8,904,110,98.2,0.09090909
8,904,110,98.2,0.09075908
8,904,110,98.2,0.09060956
8,904,110,98.2,0.08986928
8,904,110,98.2,0.08730159
8,904,110,98.2,0.08730159
8,904,110,98.2,0.08634223
8,904,110,98.2,0.08435583
8,904,110,98.2,0.08245877
8,904,110,98.2,0.08100148
8,904,110,98.2,0.08005822
7,1396,110,117.8,0.1702786
7,1396,110,117.8,0.1666667
7,1396,110,117.8,0.1608187
7,1396,110,117.8,0.1515152
7,1396,110,117.8,0.1502732
7,1396,110,117.8,0.1466667
7,1396,110,117.8,0.1466667
7,1396,110,117.8,0.140665
7,1396,110,117.8,0.1273148
7,1396,110,117.8,0.1264368
7,1396,110,117.8,0.1211454
7,1396,110,117.8,0.1170213
7,1396,110,117.8,0.1115619
7,1396,110,117.8,0.111336
7,1396,110,117.8,0.1108871
7,1396,110,117.8,0.1102204
7,1396,110,117.8,0.1086956
7,1396,110,117.8,0.1078431
7,1396,110,117.8,0.1074219
7,1396,110,117.8,0.1012891
7,1396,110,117.8,0.1011029
7,1396,110,117.8,0.09786477
7,1396,110,117.8,0.09769094
7,1396,110,117.8,0.09565217
7,1396,110,117.8,0.09450172
7,1396,110,117.8,0.09353741
7,1396,110,117.8,0.09121061
7,1396,110,117.8,0.09121061
7,1396,110,117.8,0.09090909
7,1396,110,117.8,0.08928572
7,1396,110,117.8,0.0877193
7,1396,110,117.8,0.08757962
7,1396,110,117.8,0.08716323
7,1396,110,117.8,0.08702531
7,1396,110,117.8,0.0859375
7,1396,110,117.8,0.0844854
7,1396,110,117.8,0.08371385
7,1396,110,117.8,0.08160237
7,1396,110,117.8,0.08160237
7,1396,110,117.8,0.08088236
7,1396,110,117.8,0.08076359
7,1396,110,117.8,0.08064516
7,1396,110,117.8,0.08040936
7,1396,110,117.8,0.08040936
7,1396,110,117.8,0.07879656
7,1396,110,117.8,0.07845934
7,1396,110,117.8,0.07834758
7,1396,110,117.8,0.07735584
7,1396,110,117.8,0.07681564
7,1396,110,117.8,0.07607193
7,1396,110,117.8,0.0750341
7,1396,110,117.8,0.07462686
7,1396,110,117.8,0.07432432
7,1396,110,117.8,0.07432432
7,1396,110,117.8,0.07352941
7,1396,110,117.8,0.07343124
7,1396,110,117.8,0.07284768
7,1396,110,117.8,0.07265522
7,1396,110,117.8,0.07189543
7,1396,110,117.8,0.07180157
7,1396,110,117.8,0.07105943
7,1396,110,117.8,0.06926952
7,1396,110,117.8,0.06866417
7,1396,110,117.8,0.06857856
7,1396,110,117.8,0.06857856
7,1396,110,117.8,0.06849315
7,1396,110,117.8,0.06790123
7,1396,110,117.8,0.06773399
7,1396,110,117.8,0.06765068
7,1396,110,117.8,0.06756756
7,1396,110,117.8,0.06748466
7,1396,110,117.8,0.06740196
7,1396,110,117.8,0.06731946
7,1396,110,117.8,0.06699147
7,1396,110,117.8,0.06610577
7,1396,110,117.8,0.06508876
7,1396,110,117.8,0.0647821
7,1396,110,117.8,0.06455399
7,1396,110,117.8,0.06432749
7,1396,110,117.8,0.06329114
7,1396,110,117.8,0.06314581
7,1396,110,117.8,0.06278539
7,1396,110,117.8,0.06228765
7,1396,110,117.8,0.06186727
7,1396,110,117.8,0.06179775
7,1396,110,117.8,0.0607064
7,1396,110,117.8,0.05869797
7,1396,110,117.8,0.05789474
7,1396,110,117.8,0.05759162
7,1396,110,117.8,0.05711319
7,1396,110,117.8,0.05606524
7,1396,110,117.8,0.05572442
7,1396,110,117.8,0.05549949
7,1396,110,117.8,0.05505506
7,1396,110,117.8,0.05461768
7,1396,110,117.8,0.05334627
7,1396,110,117.8,0.05334627
7,1396,110,117.8,0.05198488
7,1396,110,117.8,0.05154639
7,1396,110,117.8,0.04700855
6,917,129,90.75,0.4463668
6,917,129,90.75,0.4121406
6,917,129,90.75,0.3514986
6,917,129,90.75,0.3333333
6,917,129,90.75,0.3216958
6,917,129,90.75,0.3123487
6,917,129,90.75,0.3021077
6,917,129,90.75,0.2979215
6,917,129,90.75,0.2835165
6,917,129,90.75,0.2786177
6,917,129,90.75,0.2554455
6,917,129,90.75,0.2524462
6,917,129,90.75,0.2341198
6,917,129,90.75,0.2267135
6,917,129,90.75,0.2197615
6,917,129,90.75,0.2132231
6,917,129,90.75,0.2132231
6,917,129,90.75,0.2118227
6,917,129,90.75,0.2006221
6,917,129,90.75,0.2
6,917,129,90.75,0.1922504
6,917,129,90.75,0.1850789
6,917,129,90.75,0.1850789
6,917,129,90.75,0.1804196
6,917,129,90.75,0.1799163
6,917,129,90.75,0.1789182
6,917,129,90.75,0.1736205
6,917,129,90.75,0.1731544
6,917,129,90.75,0.171771
6,917,129,90.75,0.1713147
6,917,129,90.75,0.1708609
6,917,129,90.75,0.1704095
6,917,129,90.75,0.1690695
6,917,129,90.75,0.1686275
6,917,129,90.75,0.1686275
6,917,129,90.75,0.1651729
6,917,129,90.75,0.1639136
6,917,129,90.75,0.1634981
6,917,129,90.75,0.1606476
6,917,129,90.75,0.1578947
6,917,129,90.75,0.1563636
6,917,129,90.75,0.1548619
6,917,129,90.75,0.1526627
6,917,129,90.75,0.1523023
6,917,129,90.75,0.1501746
6,917,129,90.75,0.149133
6,917,129,90.75,0.149133
6,917,129,90.75,0.1487889
6,917,129,90.75,0.1484465
6,917,129,90.75,0.1464245
6,917,129,90.75,0.1447811
6,917,129,90.75,0.1431742
6,917,129,90.75,0.1422271
6,917,129,90.75,0.1379679
6,917,129,90.75,0.1373802
6,917,129,90.75,0.1370882
6,917,129,90.75,0.1345151
6,917,129,90.75,0.1345151
6,917,129,90.75,0.1320368
6,917,129,90.75,0.1317671
6,917,129,90.75,0.1306991
6,917,129,90.75,0.1304348
6,917,129,90.75,0.1301715
6,917,129,90.75,0.1286142
6,917,129,90.75,0.1278494
6,917,129,90.75,0.1275964
6,917,129,90.75,0.1273445
6,917,129,90.75,0.1270936
6,917,129,90.75,0.1268437
6,917,129,90.75,0.1265947
6,917,129,90.75,0.1251212
6,917,129,90.75,0.124879
6,917,129,90.75,0.123445
6,917,129,90.75,0.1227402
6,917,129,90.75,0.1211268
6,917,129,90.75,0.1204482
6,917,129,90.75,0.1197772
6,917,129,90.75,0.1195551
6,917,129,90.75,0.1191136
6,917,129,90.75,0.1186753
6,917,129,90.75,0.1184573
6,917,129,90.75,0.1173794
6,917,129,90.75,0.1167421
6,917,129,90.75,0.1154879
6,917,129,90.75,0.1130587
6,917,129,90.75,0.1130587
6,917,129,90.75,0.11092
6,917,129,90.75,0.1105398
6,917,129,90.75,0.1096007
6,917,129,90.75,0.1070539
6,917,129,90.75,0.1053061
6,917,129,90.75,0.101018
6,917,129,90.75,0.10086
6,917,129,90.75,0.1005456
6,917,129,90.75,0.09930716
6,917,129,90.75,0.09765329
6,917,129,90.75,0.09750567
6,917,129,90.75,0.09721176
6,917,129,90.75,0.09341057
6,917,129,90.75,0.09052631
